id,page,track,sub,x0,x1,y,arrival_train,departure_train,arrival_time,departure_time,vehicle_count,bar_color,continues_from_prev,continues_to_next,stitched_from
1,1,1,3,27.7,112.0,73.4,3587,3500,00:03,00:24,1,"1.000,0.949,0.584",True,False,
2,1,1,3,163.2,331.7,73.4,23493,3516,00:41,04:22,1,"1.000,0.949,0.584",False,False,25
3,1,2,2,97.2,152.2,100.6,3593,,00:22,00:36,1,"1.000,0.949,0.584",False,False,
4,1,2,3,45.8,467.5,109.6,17399,3220,00:09,05:01,1,"1.000,0.600,0.800",False,False,29
5,1,3,1,247.4,511.2,127.7,,400,01:03,05:14,1,"0.000,1.000,1.000",False,False,31
6,1,3,2,27.7,137.5,136.7,449,,00:03,00:32,1,"0.000,1.000,1.000",True,False,
7,1,3,2,229.2,93.6,136.7,,422,00:58,06:15,1,"0.000,1.000,1.000",False,False,32|68
8,1,4,2,181.4,339.1,163.8,451,,00:45,01:28,1,"0.000,1.000,1.000",False,False,
9,1,4,2,401.4,559.1,163.8,453,,01:47,02:29,1,"0.000,1.000,1.000",False,False,
10,1,4,2,632.3,533.3,163.8,,420,02:49,05:20,1,"0.000,1.000,1.000",False,False,33
11,1,6,2,577.1,603.0,218.2,,164,02:34,05:40,1,"0.000,1.000,1.000",False,False,35
12,1,8,1,210.7,522.4,263.3,20379,20350,00:54,05:16,1,"0.000,1.000,1.000",False,False,38
13,1,8,2,27.7,588.4,272.5,2047,2012,00:03,05:35,1,"0.984,0.769,0.192",True,False,39
14,1,9,2,265.6,295.1,299.6,76241,76242,01:05,01:18,1,"0.878,0.871,0.796",False,False,
15,1,9,2,375.6,320.9,299.6,3603,3616,01:40,04:19,1,"0.800,0.600,1.000",False,False,40
16,1,10,2,82.6,137.5,326.8,,3602,00:17,00:31,1,"0.800,0.600,1.000",False,False,
17,1,10,2,155.9,430.8,326.8,3693,3618,00:39,04:50,1,"0.800,0.600,1.000",False,False,43
18,1,11,2,27.7,100.9,353.9,,481,,06:17,1,"0.000,1.000,1.000",True,False,47|103
19,1,13,2,45.8,46.0,408.0,319,319,00:07,06:02,1,"0.000,1.000,1.000",False,False,49|116
20,1,14,2,45.8,449.0,435.1,19134,11031,00:09,04:55,1,"0.800,1.000,0.800",False,False,51
21,1,15,3,82.6,137.5,471.5,3094,3003,00:18,00:31,1,"0.733,0.710,0.616",False,False,
22,1,16,2,357.4,412.4,498.7,3004,3019,01:35,04:45,1,"0.733,0.710,0.616",False,False,56
23,1,16,3,27.7,522.4,507.6,3092,3021,00:03,05:16,1,"0.733,0.710,0.616",True,False,58
24,2,1,2,496.4,551.8,64.2,,3520,05:10,05:25,1,"1.000,0.949,0.584",False,False,
25,2,1,3,382.9,551.8,73.4,3513,3520,04:40,05:25,1,"1.000,0.949,0.584",False,False,
26,2,1,3,602.9,112.0,73.4,3515,3524,05:42,06:19,1,"1.000,0.949,0.584",False,False,63
27,2,2,2,284.0,401.5,100.6,65245,3518,04:12,04:42,1,"1.000,0.949,0.584",False,False,
28,2,2,3,536.9,621.2,109.6,3517,3522,05:24,05:45,1,"1.000,0.949,0.584",False,False,
29,2,4,2,559.0,313.6,163.8,,424,05:28,07:17,1,"0.000,1.000,1.000",False,False,71
30,2,7,1,577.1,687.2,236.0,3215,3224,05:35,06:03,1,"1.000,0.600,0.800",False,False,
31,2,7,2,551.6,687.2,245.3,93224,3224,05:28,06:03,1,"1.000,0.600,0.800",False,False,
32,2,9,2,559.0,595.7,299.6,3617,13670,05:28,05:40,1,"0.800,0.600,1.000",False,False,
33,2,9,2,687.1,137.5,299.6,3217,3226,06:06,06:27,1,"1.000,0.600,0.800",False,False,90
34,2,10,2,485.6,540.6,326.8,,3620,05:07,05:22,1,"0.800,0.600,1.000",False,False,
35,2,10,2,595.6,650.5,326.8,,3622,05:39,05:53,1,"0.800,0.600,1.000",False,False,
36,2,10,2,668.9,46.0,326.8,3619,13672,06:00,06:02,1,"0.800,0.600,1.000",False,False,92
37,2,12,2,595.6,64.2,381.1,13120,13125,05:41,06:07,1,"0.733,0.710,0.616",False,False,108
38,2,14,1,632.3,687.2,426.2,3020,3175,05:51,06:03,1,"0.733,0.710,0.616",False,False,
39,2,14,2,522.2,687.2,435.1,3018,3175,05:19,06:03,1,"0.733,0.710,0.616",False,False,
40,2,15,2,577.1,632.4,462.3,,3023,05:33,05:48,2,"0.733,0.710,0.616",False,False,
41,2,15,3,503.8,559.1,471.5,,20151,05:13,05:26,1,"0.800,1.000,0.800",False,False,
42,2,16,1,694.4,705.7,489.5,,3025,06:07,,2,"0.733,0.710,0.616",False,True,
43,2,16,2,595.6,669.0,498.7,,11039,05:39,05:58,2,"0.800,1.000,0.800",False,False,
44,2,16,3,687.1,192.7,507.6,3172,3027,06:06,06:42,1,"0.733,0.710,0.616",False,False,146
45,3,1,2,163.2,331.7,64.2,3519,3528,06:37,07:22,2,"1.000,0.949,0.584",False,False,
46,3,1,2,382.9,551.8,64.2,3523,3532,07:40,08:25,2,"1.000,0.949,0.584",False,False,
47,3,1,2,602.9,112.0,64.2,3527,3536,08:42,09:19,2,"1.000,0.949,0.584",False,False,149
48,3,2,3,97.2,181.6,109.6,3521,3526,06:18,06:39,1,"1.000,0.949,0.584",False,False,
49,3,2,3,316.9,401.5,109.6,3525,3530,07:21,07:42,1,"1.000,0.949,0.584",False,False,
50,3,2,3,536.9,621.2,109.6,3529,3534,08:24,08:45,1,"1.000,0.949,0.584",False,False,
51,3,3,1,155.9,533.3,127.7,,426,06:33,08:20,2,"0.000,1.000,1.000",False,False,
52,3,3,2,632.3,82.7,136.7,20351,20356,08:51,09:11,1,"0.000,1.000,1.000",False,False,156
53,3,4,1,331.6,412.4,154.9,3425,13790,07:25,07:45,1,"1.000,0.600,0.800",False,False,
54,3,4,2,331.6,430.8,163.8,3425,,07:25,07:52,1,"1.000,0.800,0.600",False,False,
55,3,4,2,448.9,93.6,163.8,,428,07:57,09:15,1,"0.000,1.000,1.000",False,False,159
56,3,5,1,181.4,236.6,182.0,3423,,06:42,06:56,1,"1.000,0.800,0.600",False,False,
57,3,6,2,111.8,163.3,218.2,3421,3426,06:23,06:34,1,"1.000,0.800,0.600",False,False,
58,3,6,2,247.4,383.0,218.2,,168,07:00,07:37,1,"0.000,1.000,1.000",False,False,
59,3,6,2,401.4,456.4,218.2,3427,,07:45,07:59,1,"1.000,0.800,0.600",False,False,
60,3,6,2,577.1,632.4,218.2,,13734,08:33,08:47,1,"1.000,0.600,0.800",False,False,
61,3,6,2,687.1,82.7,218.2,3229,,09:06,09:13,1,"1.000,0.600,0.800",False,False,162
62,3,7,0,551.6,632.4,227.2,155,,08:27,08:49,2,"0.000,1.000,1.000",False,False,
63,3,7,2,155.9,302.4,245.3,,20352,06:33,07:13,1,"0.000,1.000,1.000",False,False,
64,3,7,2,551.6,163.3,245.3,155,172,08:27,09:34,1,"0.000,1.000,1.000",False,False,166
65,3,8,1,357.4,467.5,263.3,3223,3232,07:32,08:01,1,"1.000,0.600,0.800",False,False,
66,3,8,2,45.8,100.9,272.5,,3624,06:02,06:16,1,"0.800,0.600,1.000",False,False,
67,3,8,2,192.6,247.6,272.5,13721,,06:46,07:00,1,"1.000,0.600,0.800",False,False,
68,3,8,2,357.4,485.8,272.5,3223,,07:32,08:07,1,"1.000,0.600,0.800",False,False,
69,3,8,2,522.2,577.2,272.5,13277,3234,08:20,08:32,1,"1.000,0.600,0.800",False,False,
70,3,8,2,621.1,339.1,272.5,419,489,08:47,10:25,1,"0.000,1.000,1.000",False,False,170
71,3,9,1,467.4,522.4,290.4,3225,,08:04,08:18,2,"1.000,0.600,0.800",False,False,
72,3,9,2,613.8,650.5,299.6,13679,3634,08:43,08:55,1,"0.800,0.600,1.000",False,False,
73,3,10,2,119.3,156.0,326.8,3621,13674,06:23,06:35,1,"0.800,0.600,1.000",False,False,
74,3,10,2,174.1,210.8,326.8,13671,3626,06:37,06:49,1,"0.800,0.600,1.000",False,False,
75,3,10,2,229.2,265.7,326.8,3623,13676,06:54,07:06,1,"0.800,0.600,1.000",False,False,
76,3,10,2,284.0,320.9,326.8,13673,3628,07:09,07:21,1,"0.800,0.600,1.000",False,False,
77,3,10,2,339.0,375.7,326.8,3625,13678,07:26,07:38,1,"0.800,0.600,1.000",False,False,
78,3,10,2,394.1,430.8,326.8,13675,3630,07:40,07:52,1,"0.800,0.600,1.000",False,False,
79,3,10,2,448.9,485.8,326.8,3627,13680,07:57,08:09,1,"0.800,0.600,1.000",False,False,
80,3,10,2,503.8,540.6,326.8,13677,3632,08:11,08:23,1,"0.800,0.600,1.000",False,False,
81,3,10,2,559.0,613.9,326.8,3629,,08:30,08:44,1,"0.800,0.600,1.000",False,False,
82,3,10,2,668.9,100.9,326.8,3631,3636,09:01,09:16,1,"0.800,0.600,1.000",False,False,178
83,3,11,2,137.4,247.6,353.9,3219,3228,06:30,06:58,1,"1.000,0.600,0.800",False,False,
84,3,11,2,503.8,559.1,353.9,7330,,08:14,08:28,1,"0.600,0.800,1.000",False,False,
85,3,11,2,595.6,119.4,353.9,480,487,08:40,09:22,1,"0.000,1.000,1.000",False,False,185
86,3,12,1,577.1,632.4,371.9,3227,,08:35,08:49,1,"1.000,0.600,0.800",False,False,
87,3,12,2,137.4,192.7,381.1,,13726,06:28,06:42,1,"1.000,0.400,0.000",False,False,
88,3,12,2,247.4,357.5,381.1,3221,3230,07:01,07:29,1,"1.000,0.600,0.800",False,False,
89,3,12,2,412.3,687.2,381.1,13795,3236,07:48,09:03,1,"1.000,0.600,0.800",False,False,
90,3,13,1,82.6,137.5,399.0,3022,3177,06:14,06:27,1,"0.733,0.710,0.616",False,False,
91,3,13,1,302.3,375.7,399.0,13273,7331,07:17,07:35,1,"0.600,0.800,1.000",False,False,
92,3,13,1,522.2,577.2,399.0,3030,3185,08:19,08:32,1,"0.733,0.710,0.616",False,False,
93,3,13,1,632.3,687.2,399.0,3032,3187,08:51,09:03,1,"0.733,0.710,0.616",False,False,
94,3,13,2,64.1,137.5,408.0,,3177,06:07,06:27,1,"0.733,0.710,0.616",False,False,
95,3,13,2,210.7,284.2,408.0,13124,13129,06:51,07:08,1,"0.733,0.710,0.616",False,False,
96,3,13,2,302.3,394.2,408.0,13273,,07:17,07:41,1,"1.000,0.600,0.800",False,False,
97,3,13,2,430.7,503.9,408.0,13128,13133,07:54,08:11,1,"0.733,0.710,0.616",False,False,
98,3,13,2,522.2,595.7,408.0,3030,83030,08:19,08:37,1,"0.733,0.710,0.616",False,False,
99,3,13,2,632.3,82.7,408.0,3032,3037,08:51,09:11,1,"0.733,0.710,0.616",False,False,192
100,3,14,0,467.4,522.4,417.2,3180,,08:04,08:18,2,"0.733,0.710,0.616",False,False,
101,3,14,1,45.8,100.9,426.2,20150,,06:04,06:18,1,"0.800,1.000,0.800",False,False,
102,3,14,1,155.9,229.3,426.2,20152,11047,06:35,06:53,2,"0.800,1.000,0.800",False,False,
103,3,14,1,265.6,320.9,426.2,29154,,07:07,07:20,1,"0.800,1.000,0.800",False,False,
104,3,14,1,375.6,449.0,426.2,20156,11055,07:38,07:55,2,"0.800,1.000,0.800",False,False,
105,3,14,1,613.8,669.0,426.2,20158,11063,08:45,08:58,2,"0.800,1.000,0.800",False,False,
106,3,14,2,45.8,119.4,435.1,20150,20153,06:04,06:21,1,"0.800,1.000,0.800",False,False,
107,3,14,2,265.6,339.1,435.1,29154,20155,07:07,07:24,1,"0.800,1.000,0.800",False,False,
108,3,14,2,467.4,522.4,435.1,,,08:02,08:18,1,"0.733,0.710,0.616",False,False,
109,3,15,1,192.6,247.6,453.4,3024,3179,06:45,06:58,2,"0.733,0.710,0.616",False,False,
110,3,15,2,302.3,357.5,462.3,3026,3181,07:17,07:29,2,"0.733,0.710,0.616",False,False,
111,3,15,2,412.3,467.5,462.3,3028,3183,07:48,08:01,1,"0.733,0.710,0.616",False,False,
112,3,15,2,668.9,46.0,462.3,7332,7337,09:00,09:02,1,"0.600,0.800,1.000",False,False,201
113,3,15,3,100.8,156.0,471.5,,7327,06:18,06:32,1,"0.600,0.800,1.000",False,False,
114,3,15,3,174.1,247.6,471.5,7324,3179,06:40,06:58,1,"0.733,0.710,0.616",False,False,
115,3,15,3,412.3,522.4,471.5,3028,3033,07:48,08:16,1,"0.733,0.710,0.616",False,False,
116,3,15,3,650.4,64.2,471.5,13132,13137,08:56,09:07,1,"0.733,0.710,0.616",False,False,203
117,3,16,1,34.8,82.7,489.5,,3025,05:59,06:11,2,"0.733,0.710,0.616",False,False,
118,3,16,2,137.4,192.7,498.7,3174,3027,06:30,06:42,1,"0.733,0.710,0.616",False,False,
119,3,16,2,247.4,302.4,498.7,3176,3029,07:01,07:14,2,"0.733,0.710,0.616",False,False,
120,3,16,2,357.4,412.4,498.7,3178,3031,07:32,07:45,2,"0.733,0.710,0.616",False,False,
121,3,16,2,485.6,540.6,498.7,11002,,08:09,08:23,1,"0.800,1.000,0.800",False,False,
122,3,16,2,577.1,632.4,498.7,3182,3035,08:35,08:48,2,"0.733,0.710,0.616",False,False,
123,3,16,3,485.6,559.1,507.6,11002,20157,08:09,08:26,1,"0.800,1.000,0.800",False,False,
124,3,16,3,687.1,82.7,507.6,3184,,09:06,09:13,1,"0.733,0.710,0.616",False,False,206
125,4,1,2,163.2,331.7,64.2,3531,3540,09:37,10:22,2,"1.000,0.949,0.584",False,False,
126,4,1,2,382.9,551.8,64.2,3535,3544,10:40,11:25,2,"1.000,0.949,0.584",False,False,
127,4,1,2,602.9,112.0,64.2,3539,3548,11:42,12:19,2,"1.000,0.949,0.584",False,False,211
128,4,2,3,97.2,181.6,109.6,3533,3538,09:18,09:39,1,"1.000,0.949,0.584",False,False,
129,4,2,3,316.9,401.5,109.6,3537,3542,10:21,10:42,1,"1.000,0.949,0.584",False,False,
130,4,2,3,536.9,621.2,109.6,3541,3546,11:24,11:45,1,"1.000,0.949,0.584",False,False,
131,4,3,2,181.4,533.3,136.7,421,432,09:42,11:20,1,"0.000,1.000,1.000",False,False,
132,4,3,2,621.1,313.6,136.7,425,436,11:47,13:17,1,"0.000,1.000,1.000",False,False,219
133,4,4,2,130.1,368.4,163.8,2019,2032,09:28,10:33,1,"0.984,0.769,0.192",False,False,
134,4,4,2,401.4,93.6,163.8,423,434,10:45,12:15,1,"0.000,1.000,1.000",False,False,222
135,4,6,2,111.8,383.0,218.2,157,174,09:22,10:37,1,"0.000,1.000,1.000",False,False,
136,4,6,2,547.8,603.0,218.2,,3446,11:25,11:39,1,"1.000,0.800,0.600",False,False,
137,4,7,1,551.6,606.6,236.0,23441,,11:28,11:42,1,"1.000,0.800,0.600",False,False,
138,4,7,2,192.6,302.4,245.3,383,386,09:45,10:14,1,"0.396,0.478,0.529",False,False,
139,4,7,2,331.6,163.3,245.3,159,178,10:25,12:34,1,"0.000,1.000,1.000",False,False,231
140,4,8,1,82.6,137.5,263.3,13681,,09:14,09:28,1,"0.800,0.600,1.000",False,False,
141,4,8,2,394.1,522.4,272.5,20355,20360,10:43,11:16,1,"0.000,1.000,1.000",False,False,
142,4,8,2,632.3,82.7,272.5,385,388,11:50,12:12,1,"0.396,0.478,0.529",False,False,236
143,4,9,1,64.1,119.4,290.4,23631,,09:09,09:23,2,"1.000,0.400,0.000",False,False,
144,4,9,1,247.4,357.5,290.4,3233,3242,10:01,10:29,1,"1.000,0.600,0.800",False,False,
145,4,9,2,155.9,412.4,299.6,13303,13304,09:35,10:45,1,"0.627,0.729,0.686",False,False,
146,4,9,2,467.4,577.2,299.6,3237,3246,11:04,11:32,1,"1.000,0.600,0.800",False,False,
147,4,9,2,687.1,137.5,299.6,3241,3250,12:06,12:27,1,"1.000,0.600,0.800",False,False,239
148,4,10,2,119.3,210.8,326.8,3633,3638,09:25,09:48,1,"0.800,0.600,1.000",False,False,
149,4,10,2,229.2,320.9,326.8,3635,3640,09:56,10:19,1,"0.800,0.600,1.000",False,False,
150,4,10,2,339.0,430.8,326.8,3637,3642,10:27,10:50,1,"0.800,0.600,1.000",False,False,
151,4,10,2,448.9,540.6,326.8,3639,3644,10:58,11:22,1,"0.800,0.600,1.000",False,False,
152,4,10,2,559.0,650.5,326.8,3641,3646,11:30,11:53,1,"0.800,0.600,1.000",False,False,
153,4,10,2,668.9,100.9,326.8,3643,3648,12:01,12:16,1,"0.800,0.600,1.000",False,False,243
154,4,11,2,137.4,247.6,353.9,3231,3240,09:30,09:58,1,"1.000,0.600,0.800",False,False,
155,4,11,2,412.3,503.9,353.9,13739,13742,10:48,11:11,1,"1.000,0.600,0.800",False,False,
156,4,12,2,64.1,265.7,381.1,320,,09:09,10:05,1,"0.000,1.000,1.000",False,False,
157,4,12,2,284.0,339.1,381.1,7336,,10:12,10:26,1,"0.600,0.800,1.000",False,False,
158,4,12,2,357.4,467.5,381.1,3235,3244,10:32,11:01,1,"1.000,0.600,0.800",False,False,
159,4,12,2,577.1,687.2,381.1,3239,3248,11:35,12:03,1,"1.000,0.600,0.800",False,False,
160,4,13,2,137.4,192.7,408.0,3186,3039,09:30,09:42,1,"0.733,0.710,0.616",False,False,
161,4,13,2,210.7,302.4,408.0,13136,3041,09:51,10:14,1,"0.733,0.710,0.616",False,False,
162,4,13,2,357.4,412.4,408.0,,3043,10:31,10:45,1,"0.733,0.710,0.616",False,False,
163,4,13,2,430.7,503.9,408.0,13140,13145,10:54,11:11,1,"0.733,0.710,0.616",False,False,
164,4,13,2,632.3,82.7,408.0,3044,3049,11:51,12:11,1,"0.733,0.710,0.616",False,False,261
165,4,14,1,45.8,229.3,426.2,11010,11071,09:04,09:53,2,"0.800,1.000,0.800",False,False,
166,4,14,1,265.6,449.0,426.2,11018,11079,10:07,10:55,2,"0.800,1.000,0.800",False,False,
167,4,14,1,485.6,669.0,426.2,11026,11087,11:09,11:58,2,"0.800,1.000,0.800",False,False,
168,4,15,2,192.6,247.6,462.3,3036,,09:45,10:00,2,"0.733,0.710,0.616",False,False,
169,4,15,3,82.6,137.5,471.5,3034,3189,09:14,09:27,1,"0.733,0.710,0.616",False,False,
170,4,15,3,302.3,522.4,471.5,3038,,10:17,11:18,1,"0.733,0.710,0.616",False,False,
171,4,16,3,174.1,229.3,507.6,20160,,09:41,09:54,1,"0.800,1.000,0.800",False,False,
172,4,16,3,247.4,302.4,507.6,3188,,10:01,10:15,1,"0.733,0.710,0.616",False,False,
173,4,16,3,412.3,467.5,507.6,3040,,10:48,11:02,1,"0.733,0.710,0.616",False,False,
174,4,16,3,522.2,632.4,507.6,3042,3047,11:19,11:48,1,"0.733,0.710,0.616",False,False,
175,5,1,2,163.2,331.7,64.2,3543,3552,12:37,13:22,2,"1.000,0.949,0.584",False,False,
176,5,1,2,503.8,551.8,64.2,64705,3556,14:13,14:25,2,"1.000,0.949,0.584",False,False,
177,5,1,2,602.9,112.0,64.2,3551,3560,14:42,15:19,2,"1.000,0.949,0.584",False,False,280
178,5,2,3,97.2,181.6,109.6,3545,3550,12:18,12:39,1,"1.000,0.949,0.584",False,False,
179,5,2,3,316.9,401.5,109.6,3549,3554,13:21,13:42,1,"1.000,0.949,0.584",False,False,
180,5,2,3,536.9,621.2,109.6,3553,3558,14:24,14:45,1,"1.000,0.949,0.584",False,False,
181,5,3,1,577.1,687.2,127.7,3251,3260,14:35,15:03,1,"1.000,0.600,0.800",False,False,
182,5,3,2,401.4,93.6,136.7,429,440,13:45,15:15,1,"0.000,1.000,1.000",False,False,289
183,5,4,1,595.6,163.3,154.9,,184,14:39,15:34,2,"0.000,1.000,1.000",False,False,292
184,5,4,2,181.4,533.3,163.8,427,438,12:42,14:20,1,"0.000,1.000,1.000",False,False,
185,5,4,2,551.6,705.7,163.8,167,184,14:27,,1,"0.000,1.000,1.000",False,True,
186,5,5,1,331.6,603.0,182.0,165,182,13:25,14:40,1,"0.000,1.000,1.000",False,False,
187,5,6,1,247.4,357.5,208.9,3245,3254,13:01,13:29,1,"1.000,0.600,0.800",False,False,
188,5,6,2,111.8,383.0,218.2,163,180,12:22,13:37,1,"0.000,1.000,1.000",False,False,
189,5,6,2,467.4,522.4,218.2,3249,64958,14:04,14:16,1,"1.000,0.600,0.800",False,False,
190,5,6,2,687.1,82.7,218.2,3253,,15:06,15:13,1,"1.000,0.600,0.800",False,False,296
191,5,7,1,613.8,82.7,236.0,20363,20368,14:46,15:11,1,"0.000,1.000,1.000",False,False,301
192,5,7,2,229.2,284.2,245.3,64681,13750,12:56,13:09,1,"1.000,0.400,0.000",False,False,
193,5,7,2,350.0,405.0,245.3,2027,,13:31,13:44,1,"0.984,0.769,0.192",False,False,
194,5,7,2,467.4,148.7,245.3,,2042,14:02,15:30,1,"0.984,0.769,0.192",False,False,304
195,5,8,1,382.9,577.2,263.3,3547,3258,13:40,14:32,2,"1.000,0.600,0.800",False,False,
196,5,8,2,137.4,247.6,272.5,3243,3252,12:30,12:58,1,"1.000,0.600,0.800",False,False,
197,5,8,2,632.3,687.2,272.5,13755,,14:51,15:05,1,"1.000,0.600,0.800",False,False,
198,5,9,2,174.1,302.4,299.6,20359,20364,12:41,13:13,1,"0.000,1.000,1.000",False,False,
199,5,9,2,412.3,522.4,299.6,387,390,13:48,14:17,1,"0.396,0.478,0.529",False,False,
200,5,9,2,540.5,632.4,299.6,93758,13758,14:25,14:47,1,"1.000,0.400,0.000",False,False,
201,5,10,2,119.3,210.8,326.8,3645,3650,12:25,12:48,1,"0.800,0.600,1.000",False,False,
202,5,10,2,229.2,320.9,326.8,3647,3652,12:56,13:19,1,"0.800,0.600,1.000",False,False,
203,5,10,2,339.0,430.8,326.8,3649,3654,13:27,13:50,1,"0.800,0.600,1.000",False,False,
204,5,10,2,448.9,540.6,326.8,3651,3656,13:58,14:22,1,"0.800,0.600,1.000",False,False,
205,5,10,2,559.0,650.5,326.8,3653,3658,14:30,14:53,1,"0.800,0.600,1.000",False,False,
206,5,10,2,668.9,46.0,326.8,3655,13608,15:00,15:02,1,"0.800,0.600,1.000",False,False,317
207,5,11,1,192.6,247.6,344.8,13897,,12:46,13:00,2,"1.000,0.400,0.000",False,False,
208,5,11,1,632.3,687.2,344.8,3056,3111,14:51,15:03,1,"0.733,0.710,0.616",False,False,
209,5,11,2,357.4,412.4,353.9,,13098,13:31,13:45,1,"0.627,0.729,0.686",False,False,
210,5,11,2,448.9,577.2,353.9,10332,,13:59,14:33,1,"0.000,1.000,1.000",False,False,
211,5,11,2,613.8,687.2,353.9,,3111,14:44,15:03,1,"0.733,0.710,0.616",False,False,
212,5,12,2,64.1,119.4,381.1,13305,,12:09,12:23,1,"0.627,0.729,0.686",False,False,
213,5,12,2,155.9,339.1,381.1,484,491,12:35,13:25,1,"0.000,1.000,1.000",False,False,
214,5,12,2,357.4,467.5,381.1,3247,3256,13:32,14:01,1,"1.000,0.600,0.800",False,False,
215,5,12,2,650.4,64.2,381.1,13156,13161,14:56,15:07,1,"0.733,0.710,0.616",False,False,334
216,5,13,1,522.2,577.2,399.0,3054,3109,14:19,14:32,1,"0.733,0.710,0.616",False,False,
217,5,13,1,687.1,82.7,399.0,,3061,15:05,15:11,2,"0.733,0.710,0.616",False,False,337
218,5,13,2,192.6,247.6,408.0,,3103,12:44,12:58,1,"0.733,0.710,0.616",False,False,
219,5,13,2,339.0,430.8,408.0,7350,7355,13:27,13:50,1,"0.600,0.800,1.000",False,False,
220,5,13,2,485.6,577.2,408.0,83109,3109,14:09,14:32,1,"0.733,0.710,0.616",False,False,
221,5,14,1,45.8,229.3,426.2,11034,11095,12:04,12:53,2,"0.800,1.000,0.800",False,False,
222,5,14,1,265.6,449.0,426.2,11042,11103,13:07,13:55,2,"0.800,1.000,0.800",False,False,
223,5,14,1,467.4,669.0,426.2,,11111,14:02,14:58,2,"0.800,1.000,0.800",False,False,
224,5,15,2,302.3,357.5,462.3,3050,3105,13:17,13:29,1,"0.733,0.710,0.616",False,False,
225,5,15,2,485.6,559.1,462.3,11050,20171,14:09,14:26,2,"0.800,1.000,0.800",False,False,
226,5,15,3,82.6,192.7,471.5,3046,3051,12:14,12:42,1,"0.733,0.710,0.616",False,False,
227,5,15,3,284.0,357.5,471.5,,3105,13:10,13:29,1,"0.733,0.710,0.616",False,False,
228,5,15,3,412.3,467.5,471.5,3052,3107,13:48,14:01,1,"0.733,0.710,0.616",False,False,
229,5,15,3,687.1,137.5,471.5,3108,3113,15:06,15:27,1,"0.733,0.710,0.616",False,False,357
230,5,16,2,210.7,284.2,498.7,13148,13153,12:51,13:08,1,"0.733,0.710,0.616",False,False,
231,5,16,2,577.1,632.4,498.7,3106,3059,14:35,14:48,2,"0.733,0.710,0.616",False,False,
232,5,16,3,192.6,302.4,507.6,3048,3053,12:45,13:14,1,"0.733,0.710,0.616",False,False,
233,5,16,3,357.4,412.4,507.6,3102,3055,13:32,13:45,1,"0.733,0.710,0.616",False,False,
234,5,16,3,467.4,522.4,507.6,3104,3057,14:04,14:16,1,"0.733,0.710,0.616",False,False,
235,5,16,3,650.4,46.0,507.6,7361,7361,14:54,15:02,1,"0.600,0.800,1.000",False,False,366
236,6,1,2,163.2,331.7,64.2,3555,3564,15:37,16:22,2,"1.000,0.949,0.584",False,False,
237,6,1,2,382.9,551.8,64.2,3559,3568,16:40,17:25,2,"1.000,0.949,0.584",False,False,
238,6,1,2,602.9,112.0,64.2,3563,3572,17:42,18:19,2,"1.000,0.949,0.584",False,False,368
239,6,2,3,97.2,181.6,109.6,3557,3562,15:18,15:39,1,"1.000,0.949,0.584",False,False,
240,6,2,3,316.9,401.5,109.6,3561,3566,16:21,16:42,1,"1.000,0.949,0.584",False,False,
241,6,2,3,536.9,621.2,109.6,3565,3570,17:24,17:45,1,"1.000,0.949,0.584",False,False,
242,6,3,0,137.4,313.6,118.4,,442,15:28,16:17,1,"0.000,1.000,1.000",False,False,
243,6,3,1,111.8,383.0,127.7,169,186,15:22,16:37,2,"0.000,1.000,1.000",False,False,
244,6,3,2,485.6,569.9,136.7,13763,13420,17:09,17:30,1,"1.000,0.800,0.600",False,False,
245,6,3,2,621.1,313.6,136.7,437,448,17:47,19:17,1,"0.000,1.000,1.000",False,False,378
246,6,4,1,262.1,368.4,154.9,83465,3466,16:06,16:33,2,"1.000,0.800,0.600",False,False,
247,6,4,1,401.4,540.6,154.9,435,,16:45,17:23,1,"0.000,1.000,1.000",False,False,
248,6,4,2,401.4,93.6,163.8,435,446,16:45,18:15,1,"0.000,1.000,1.000",False,False,382
249,6,6,2,137.4,192.7,218.2,3255,13792,15:30,15:42,1,"1.000,0.400,0.000",False,False,
250,6,6,2,331.6,412.4,218.2,3461,23694,16:25,16:45,1,"1.000,0.400,0.000",False,False,
251,6,6,2,569.8,368.4,218.2,2035,2010,17:33,19:33,1,"0.984,0.769,0.192",False,False,387
252,6,7,0,302.3,357.5,227.2,,3266,16:15,16:29,1,"1.000,0.600,0.800",False,False,
253,6,7,1,247.4,357.5,236.0,3257,3266,16:01,16:29,1,"1.000,0.600,0.800",False,False,
254,6,7,1,687.1,137.5,236.0,3265,13224,18:06,18:26,2,"1.000,0.600,0.800",False,False,389
255,6,7,2,181.4,533.3,245.3,433,444,15:42,17:20,1,"0.000,1.000,1.000",False,False,
256,6,7,2,551.6,603.0,245.3,3465,3470,17:28,17:39,1,"1.000,0.800,0.600",False,False,
257,6,8,1,119.3,156.0,263.3,3657,13610,15:23,15:35,1,"0.800,0.600,1.000",False,False,
258,6,8,1,192.6,247.6,263.3,,3264,15:44,15:58,1,"1.000,0.600,0.800",False,False,
259,6,8,2,45.8,247.6,272.5,93564,3264,15:04,15:58,1,"1.000,0.600,0.800",False,False,
260,6,8,2,412.3,522.4,272.5,20367,20372,16:48,17:16,1,"0.000,1.000,1.000",False,False,
261,6,8,2,613.8,64.2,272.5,391,394,17:45,18:06,1,"0.396,0.478,0.529",False,False,396
262,6,9,1,82.6,137.5,290.4,,3262,15:13,15:27,2,"1.000,0.600,0.800",False,False,
263,6,9,1,192.6,284.2,290.4,389,392,15:45,16:09,1,"0.396,0.478,0.529",False,False,
264,6,9,1,357.4,467.5,290.4,3259,3268,16:32,17:01,2,"1.000,0.600,0.800",False,False,
265,6,9,2,155.9,320.9,299.6,488,495,15:35,16:19,1,"0.000,1.000,1.000",False,False,
266,6,9,2,559.0,595.7,299.6,3665,13618,17:28,17:40,1,"0.800,0.600,1.000",False,False,
267,6,10,2,53.3,100.9,326.8,,3660,15:04,15:16,1,"0.800,0.600,1.000",False,False,
268,6,10,2,155.9,210.8,326.8,,3662,15:33,15:48,1,"0.800,0.600,1.000",False,False,
269,6,10,2,229.2,265.7,326.8,3659,13612,15:54,16:06,1,"0.800,0.600,1.000",False,False,
270,6,10,2,284.0,320.9,326.8,13609,3664,16:09,16:21,1,"0.800,0.600,1.000",False,False,
271,6,10,2,339.0,375.7,326.8,3661,13614,16:26,16:38,1,"0.800,0.600,1.000",False,False,
272,6,10,2,394.1,430.8,326.8,13611,3666,16:40,16:52,1,"0.800,0.600,1.000",False,False,
273,6,10,2,448.9,485.8,326.8,3663,13616,16:57,17:09,1,"0.800,0.600,1.000",False,False,
274,6,10,2,503.8,540.6,326.8,13613,3668,17:11,17:23,1,"0.800,0.600,1.000",False,False,
275,6,10,2,595.6,650.5,326.8,13615,3670,17:41,17:53,1,"0.800,0.600,1.000",False,False,
276,6,10,2,668.9,46.0,326.8,3667,13620,18:00,18:02,1,"0.800,0.600,1.000",False,False,405
277,6,11,2,155.9,265.7,353.9,,339,15:33,16:04,1,"0.000,1.000,1.000",False,False,
278,6,11,2,284.0,339.1,353.9,7362,,16:12,16:26,1,"0.600,0.800,1.000",False,False,
279,6,11,2,467.4,577.2,353.9,3261,3270,17:04,17:32,1,"1.000,0.600,0.800",False,False,
280,6,11,2,613.8,669.0,353.9,7368,,17:45,18:00,1,"0.600,0.800,1.000",False,False,
281,6,12,1,577.1,632.4,371.9,3263,13796,17:35,17:47,2,"1.000,0.600,0.800",False,False,
282,6,12,1,687.1,82.7,371.9,3120,,18:06,18:13,2,"0.733,0.710,0.616",False,False,416
283,6,12,2,229.2,339.1,381.1,336,,15:56,16:26,1,"0.000,1.000,1.000",False,False,
284,6,12,2,375.6,540.6,381.1,490,497,16:37,17:22,1,"0.000,1.000,1.000",False,False,
285,6,13,1,247.4,302.4,399.0,,13216,16:00,16:13,1,"1.000,0.600,0.800",False,False,
286,6,13,2,119.3,302.4,408.0,7358,13216,15:25,16:13,1,"1.000,0.600,0.800",False,False,
287,6,13,2,320.8,375.7,408.0,,7367,16:20,16:35,1,"0.600,0.800,1.000",False,False,
288,6,13,2,430.7,503.9,408.0,13164,13169,16:54,17:11,1,"0.733,0.710,0.616",False,False,
289,6,13,2,577.1,46.0,408.0,343,343,17:33,18:02,1,"0.000,1.000,1.000",False,False,420
290,6,14,1,45.8,119.4,426.2,11058,20173,15:04,15:21,2,"0.800,1.000,0.800",False,False,
291,6,14,1,192.6,229.3,426.2,11119,,15:48,15:54,1,"0.800,1.000,0.800",False,False,
292,6,14,1,265.6,339.1,426.2,11066,20175,16:07,16:24,2,"0.800,1.000,0.800",False,False,
293,6,14,1,412.3,449.0,426.2,11127,,16:50,16:57,1,"0.800,1.000,0.800",False,False,
294,6,14,1,485.6,559.1,426.2,11074,20177,17:09,17:26,2,"0.800,1.000,0.800",False,False,
295,6,14,1,595.6,669.0,426.2,20176,11135,17:41,17:58,2,"0.800,1.000,0.800",False,False,
296,6,14,2,174.1,229.3,435.1,20172,11119,15:40,15:53,1,"0.800,1.000,0.800",False,False,
297,6,14,2,394.1,449.0,435.1,20174,11127,16:42,16:56,1,"0.800,1.000,0.800",False,False,
298,6,15,1,192.6,247.6,453.4,3060,3115,15:45,15:58,2,"0.733,0.710,0.616",False,False,
299,6,15,1,522.2,577.2,453.4,3066,3121,17:19,17:32,2,"0.733,0.710,0.616",False,False,
300,6,15,2,82.6,137.5,462.3,3058,3113,15:14,15:27,1,"0.733,0.710,0.616",False,False,
301,6,15,2,302.3,357.5,462.3,3062,3117,16:17,16:29,2,"0.733,0.710,0.616",False,False,
302,6,15,2,412.3,467.5,462.3,3064,3119,16:48,17:01,2,"0.733,0.710,0.616",False,False,
303,6,15,2,632.3,687.2,462.3,3068,3123,17:51,18:03,1,"0.733,0.710,0.616",False,False,
304,6,15,3,174.1,284.2,471.5,93167,13167,15:41,16:08,1,"0.733,0.710,0.616",False,False,
305,6,15,3,503.8,595.7,471.5,64717,7371,17:15,17:37,1,"0.600,0.800,1.000",False,False,
306,6,15,3,632.3,82.7,471.5,3068,3073,17:51,18:11,1,"0.733,0.710,0.616",False,False,432
307,6,16,2,137.4,192.7,498.7,3110,3063,15:30,15:42,2,"0.733,0.710,0.616",False,False,
308,6,16,2,247.4,302.4,498.7,3112,3065,16:01,16:14,2,"0.733,0.710,0.616",False,False,
309,6,16,2,357.4,412.4,498.7,3114,3067,16:32,16:45,2,"0.733,0.710,0.616",False,False,
310,6,16,2,467.4,522.4,498.7,3116,3069,17:04,17:16,2,"0.733,0.710,0.616",False,False,
311,6,16,2,577.1,632.4,498.7,3118,3071,17:35,17:48,2,"0.733,0.710,0.616",False,False,
312,6,5,2,104.5,134.0,516.6,431,442,15:19,15:27,1,"0.000,1.000,1.000",False,False,
313,7,1,2,163.2,331.7,64.2,3567,3576,18:37,19:22,2,"1.000,0.949,0.584",False,False,
314,7,1,2,382.9,438.2,64.2,3571,,19:40,19:54,1,"1.000,0.949,0.584",False,False,
315,7,1,2,602.9,658.0,64.2,3575,,20:42,20:56,1,"1.000,0.949,0.584",False,False,
316,7,1,3,382.9,456.4,73.4,,,19:38,19:59,1,"1.000,0.949,0.584",False,False,
317,7,1,3,496.4,551.8,73.4,83483,13482,20:12,20:25,1,"1.000,0.800,0.600",False,False,
318,7,1,3,602.9,112.0,73.4,3575,3584,20:42,21:19,1,"1.000,0.949,0.584",False,False,441
319,7,2,3,97.2,181.6,109.6,3569,3574,18:18,18:39,1,"1.000,0.949,0.584",False,False,
320,7,2,3,316.9,401.5,109.6,3573,3578,19:21,19:42,1,"1.000,0.949,0.584",False,False,
321,7,2,3,536.9,621.2,109.6,3577,3582,20:24,20:45,1,"1.000,0.949,0.584",False,False,
322,7,3,2,350.0,588.4,136.7,2009,2052,19:30,20:35,1,"0.984,0.769,0.192",False,False,
323,7,4,1,111.8,383.0,154.9,175,192,18:22,19:37,2,"0.000,1.000,1.000",False,False,
324,7,4,1,621.1,669.0,154.9,443,4444,20:47,20:58,1,"0.000,1.000,1.000",False,False,
325,7,4,2,401.4,559.1,163.8,441,,19:45,20:28,1,"0.000,1.000,1.000",False,False,
326,7,4,2,621.1,119.4,163.8,443,,20:47,21:23,1,"0.000,1.000,1.000",False,False,451
327,7,6,0,247.4,302.4,199.9,3269,,19:01,19:15,1,"1.000,0.600,0.800",False,False,
328,7,6,1,247.4,320.9,208.9,,,19:00,19:20,1,"1.000,0.600,0.800",False,False,
329,7,6,2,551.6,669.0,218.2,179,,20:27,21:00,1,"0.000,1.000,1.000",False,False,
330,7,7,1,302.3,503.9,236.0,393,398,19:16,20:12,1,"0.396,0.478,0.529",False,False,
331,7,7,1,613.8,137.5,236.0,20375,,20:46,21:28,1,"0.000,1.000,1.000",False,False,458
332,7,7,2,27.7,163.3,245.3,3265,3474,17:59,18:34,1,"1.000,0.800,0.600",True,False,
333,7,7,2,192.6,247.6,245.3,13771,3276,18:46,18:58,1,"1.000,0.600,0.800",False,False,
334,7,7,2,302.3,705.7,245.3,393,384,19:16,,1,"0.396,0.478,0.529",False,True,460
335,7,8,1,137.4,284.2,263.3,3267,13774,18:30,19:08,1,"1.000,0.400,0.000",False,False,
336,7,8,2,137.4,357.5,272.5,3267,3278,18:30,19:29,1,"1.000,0.600,0.800",False,False,
337,7,8,2,467.4,522.4,272.5,3273,,20:04,20:18,1,"1.000,0.600,0.800",False,False,
338,7,8,2,687.1,82.7,272.5,3277,,21:06,21:13,1,"1.000,0.600,0.800",False,False,462
339,7,9,1,229.2,284.2,290.4,3671,,18:56,19:10,1,"0.800,0.600,1.000",False,False,
340,7,9,1,412.3,467.5,290.4,,3280,19:47,20:01,1,"1.000,0.600,0.800",False,False,
341,7,9,1,632.3,687.2,290.4,,13236,20:49,21:03,2,"1.000,0.600,0.800",False,False,
342,7,9,2,174.1,302.4,299.6,20371,20376,18:41,19:13,1,"0.000,1.000,1.000",False,False,
343,7,9,2,375.6,533.3,299.6,492,450,19:37,20:20,1,"0.000,1.000,1.000",False,False,
344,7,10,2,64.1,100.9,326.8,13617,3672,18:06,18:18,1,"0.800,0.600,1.000",False,False,
345,7,10,2,155.9,210.8,326.8,13619,3674,18:35,18:48,1,"0.800,0.600,1.000",False,False,
346,7,10,2,284.0,320.9,326.8,13621,3676,19:09,19:21,1,"0.800,0.600,1.000",False,False,
347,7,10,2,339.0,430.8,326.8,3673,3678,19:27,19:50,1,"0.800,0.600,1.000",False,False,
348,7,10,2,448.9,540.6,326.8,3675,3680,19:58,20:22,1,"0.800,0.600,1.000",False,False,
349,7,10,2,559.0,650.5,326.8,3677,3682,20:30,20:53,1,"0.800,0.600,1.000",False,False,
350,7,10,2,668.9,100.9,326.8,3679,3684,21:01,21:16,1,"0.800,0.600,1.000",False,False,468
351,7,11,1,137.4,192.7,344.8,3122,3075,18:30,18:42,1,"0.733,0.710,0.616",False,False,
352,7,11,1,668.9,64.2,344.8,13782,13782,21:00,21:07,2,"1.000,0.600,0.800",False,False,474
353,7,11,2,137.4,210.8,353.9,3122,,18:30,18:49,1,"0.733,0.710,0.616",False,False,
354,7,12,2,181.4,320.9,381.1,439,499,18:42,19:19,1,"0.000,1.000,1.000",False,False,
355,7,12,2,448.9,577.2,381.1,344,,19:58,20:33,1,"0.000,1.000,1.000",False,False,
356,7,12,2,632.3,82.7,381.1,3080,3085,20:51,21:11,1,"0.733,0.710,0.616",False,False,477
357,7,13,2,247.4,302.4,408.0,3124,,19:01,19:15,1,"0.733,0.710,0.616",False,False,
358,7,13,2,448.9,503.9,408.0,,13181,19:57,20:11,1,"0.733,0.710,0.616",False,False,
359,7,13,2,522.2,632.4,408.0,3078,3083,20:19,20:48,1,"0.733,0.710,0.616",False,False,
360,7,14,1,45.8,119.4,426.2,11082,20179,18:04,18:21,2,"0.800,1.000,0.800",False,False,
361,7,14,1,155.9,229.3,426.2,20178,11143,18:35,18:53,2,"0.800,1.000,0.800",False,False,
362,7,14,1,265.6,320.9,426.2,11090,,19:07,19:20,1,"0.800,1.000,0.800",False,False,
363,7,14,1,394.1,449.0,426.2,20180,11151,19:42,19:56,2,"0.800,1.000,0.800",False,False,
364,7,14,1,485.6,540.6,426.2,11098,,20:09,20:23,1,"0.800,1.000,0.800",False,False,
365,7,14,2,265.6,339.1,435.1,11090,20181,19:07,19:24,1,"0.800,1.000,0.800",False,False,
366,7,14,2,485.6,669.0,435.1,11098,11159,20:09,20:58,1,"0.800,1.000,0.800",False,False,
367,7,15,2,210.7,265.7,462.3,13172,,18:51,19:05,1,"0.733,0.710,0.616",False,False,
368,7,15,3,155.9,302.4,471.5,,3077,18:33,19:14,1,"0.733,0.710,0.616",False,False,
369,7,15,3,357.4,412.4,471.5,,3079,19:31,19:45,1,"0.733,0.710,0.616",False,False,
370,7,16,2,82.6,137.5,498.7,3070,3125,18:14,18:27,2,"0.733,0.710,0.616",False,False,
371,7,16,2,192.6,247.6,498.7,3072,7375,18:45,18:58,1,"0.600,0.800,1.000",False,False,
372,7,16,3,192.6,265.7,507.6,3072,,18:45,19:05,1,"0.733,0.710,0.616",False,False,
373,7,16,3,302.3,357.5,507.6,3074,,19:17,19:31,1,"0.733,0.710,0.616",False,False,
374,7,16,3,412.3,522.4,507.6,3076,3081,19:48,20:16,1,"0.733,0.710,0.616",False,False,
375,7,16,3,650.4,229.3,507.6,,11167,20:54,21:53,1,"0.800,1.000,0.800",False,False,483
376,8,1,3,137.4,331.7,73.4,,3588,21:28,22:22,1,"1.000,0.949,0.584",False,False,
377,8,1,3,382.9,551.8,73.4,3583,,22:40,23:26,1,"1.000,0.949,0.584",False,False,
378,8,2,3,97.2,181.6,109.6,3581,3586,21:18,21:39,1,"1.000,0.949,0.584",False,False,
379,8,2,3,316.9,401.5,109.6,3585,3590,22:21,22:42,1,"1.000,0.949,0.584",False,False,
380,8,2,3,536.9,621.2,109.6,3589,3594,23:24,23:45,1,"1.000,0.949,0.584",False,False,
381,8,3,2,181.4,339.1,136.7,445,,21:42,22:26,1,"0.000,1.000,1.000",False,False,
382,8,3,2,401.4,559.1,136.7,447,,22:45,23:28,1,"0.000,1.000,1.000",False,False,
383,8,3,2,621.1,705.7,136.7,449,,23:47,,1,"0.000,1.000,1.000",False,True,
384,8,4,1,265.6,383.0,154.9,13233,3400,22:07,22:37,2,"1.000,0.800,0.600",False,False,
385,8,4,2,163.2,218.2,163.8,3579,,21:37,21:51,1,"1.000,0.949,0.584",False,False,
386,8,4,2,485.6,705.7,163.8,17383,3500,23:09,,1,"1.000,0.949,0.584",False,True,
387,8,5,1,602.9,705.7,182.0,3489,3420,23:42,,1,"1.000,0.800,0.600",False,True,
388,8,6,1,247.4,705.7,208.9,,164,22:00,,1,"0.000,1.000,1.000",False,True,
389,8,6,2,108.1,163.3,218.2,,3486,21:20,21:34,1,"1.000,0.800,0.600",False,False,
390,8,6,2,192.6,705.7,218.2,,168,21:44,,1,"0.000,1.000,1.000",False,True,
391,8,7,1,192.6,705.7,236.0,2397,382,21:45,,1,"0.396,0.478,0.529",False,True,
392,8,8,1,375.6,430.8,263.3,,17388,22:36,22:50,1,"1.000,0.600,0.800",False,False,
393,8,8,2,111.8,210.8,272.5,3481,17384,21:23,21:47,1,"1.000,0.600,0.800",False,False,
394,8,8,2,357.4,430.8,272.5,,17388,22:31,22:50,1,"1.000,0.600,0.800",False,False,
395,8,8,2,503.8,613.9,272.5,80443,,23:15,23:44,1,"0.000,1.000,1.000",False,False,
396,8,9,2,45.8,100.9,299.6,13779,,21:04,21:18,1,"1.000,0.400,0.000",False,False,
397,8,9,2,595.6,705.7,299.6,3689,3602,23:40,,1,"0.800,0.600,1.000",False,True,
398,8,10,2,119.3,174.2,326.8,3681,,21:25,21:39,1,"0.800,0.600,1.000",False,False,
399,8,10,2,229.2,320.9,326.8,3683,3688,21:56,22:19,1,"0.800,0.600,1.000",False,False,
400,8,10,2,375.6,430.8,326.8,3685,,22:38,22:52,1,"0.800,0.600,1.000",False,False,
401,8,10,2,485.6,540.6,326.8,,3692,23:07,23:22,1,"0.800,0.600,1.000",False,False,
402,8,10,2,595.6,650.5,326.8,,17302,23:39,23:52,1,"1.000,0.600,0.800",False,False,
403,8,11,2,375.6,522.4,353.9,496,,22:37,23:18,1,"0.000,1.000,1.000",False,False,
404,8,11,2,691.0,705.7,353.9,,481,23:59,,1,"0.000,1.000,1.000",False,True,
405,8,12,2,302.3,357.5,381.1,13783,,22:17,22:31,1,"1.000,0.600,0.800",False,False,
406,8,13,1,45.8,100.9,399.0,11106,,21:04,21:18,2,"0.800,1.000,0.800",False,False,
407,8,13,2,192.6,412.4,408.0,3084,3091,21:45,22:45,1,"0.733,0.710,0.616",False,False,
408,8,14,2,82.6,192.7,435.1,3082,3087,21:14,21:42,1,"0.733,0.710,0.616",False,False,
409,8,14,2,313.4,368.4,435.1,11114,,22:20,22:34,1,"0.800,1.000,0.800",False,False,
410,8,16,3,412.3,705.7,507.6,3088,3021,22:48,,1,"0.733,0.710,0.616",False,True,
